1,Chelsea,Cherry,Cameron,Prescribe,5619163141,8878633459,3348 Hill St,Grand Haven,RI,27351,1
2,Sienna,Dominik,Watson,Prescribe,1561467212,1142689227,432192 Essling St,Kalamazoo,IA,78232,0
3,Camila,Lenny,Stewart,Advisor,8116612248,9979148154,3348 Bliss St,Benton Harbor,ID,15871,1
4,April,Bruce,Riley,Prescribe,3652634626,6386319314,3348 Mott St,Saginaw,OK,69479,1
5,Vincent,Aldus,Williams,Prescribe,9842872867,6496756742,3348 Dillon St,Petoskey,NH,55769,1
6,Walter,,Barnes,Diagnose,7395746145,1977394159,432192 Amherst St,Detroit,MD,97964,1
7,Evelyn,Derek,Gray,Advisor,7864389936,4352196428,432192 Boxwood St,Livonia,VT,76749,1
8,April,C,Henderson,Diagnose,3291383767,3345196857,3348 Casimir St,Ludington,ME,87741,0
9,Blake,Gianna,Morris,Advisor,2583782625,7224277161,38611 Blackmore St,Ludington,MD,51889,0
10,Oliver,Valeria,Gray,Diagnose,9616133926,2411782994,3348 Dillon St,Benton Harbor,DE,68646,0
11,Sam,Fiona,Reed,Prescribe,6673992843,2858676745,38611 Appold Dr,East Lansing,NH,85518,1
12,Elian,Cherry,Murray,Prescribe,7411831284,2558892738,3348 Blackmore St,Benton Harbor,SD,27679,0
13,Dominik,Leonardo,Casey,Diagnose,1268737868,5795349535,3348 Boehlke St,Livonia,WV,81843,1
14,Paul,,Higgins,Prescribe,4588496469,3391229655,38611 Hill St,Ludington,KS,34644,0
15,Vivian,Emma,Thomas,Prescribe,9383166591,3382467274,38611 Erie St,Dearborn,RI,27962,0
16,Miller,Ada,Lloyd,Prescribe,8919211212,6877396321,3348 Moton Dr,Grosse Pointe,CO,92557,0
17,Sofia,Alberta,Alexander,Prescribe,1457827915,6956139787,3348 Myrtle St,Grosse Pointe,VA,71631,1
18,Harold,Savana,Turner,Advisor,4693868156,7112911112,38611 Amherst St,Flint,MT,13145,0
19,Abigail,Sofia,Richards,Prescribe,5337216611,7361774477,3348 Limerick St,Ecorse,GA,44919,1
20,Lyndon,Evelyn,Lloyd,Advisor,6848542829,1786299399,3348 Morgan St,Saginaw,KY,67922,1
21,Sienna,J,Parker,Prescribe,6643518582,7917518891,3348 Boxwood St,Cadillac,LA,32874,1
22,Miller,Nicholas,Ross,Advisor,7422346495,2681883348,38611 Moton Dr,Mount Clemens,NE,14275,0
23,Deanna,Elian,Nelson,Prescribe,2412672489,9967551538,3348 High St,Adrian,WY,27429,0
24,Kimberly,Maximilian,Moore,Prescribe,7852748815,5224955922,3348 Blackmore St,Mount Clemens,LA,49389,1
25,Alberta,Ada,Farrell,Advisor,1317572874,7458944648,3348 Erie St,Detroit,RI,75515,0
26,Chelsea,,Warren,Diagnose,9287955641,2269274211,432192 Boehlke St,Midland,UT,37481,0
27,Haris,Edgar,Taylor,Prescribe,1332879491,1596681582,432192 Essling St,Traverse City,WI,95785,1
28,Rebecca,Oscar,Farrell,Advisor,2324357989,6977867955,38611 Heyn Ave,Sault Sainte Marie,LA,62819,0
29,Abigail,Sam,Parker,Prescribe,2294813789,2873343556,3348 Borland Ave,Adrian,WY,37824,1
30,Jacob,Olivia,Moore,Advisor,9887758919,1278662943,38611 Ames St,Manistee,HI,65727,0
31,Sydney,Carl,Kelly,Prescribe,9672862682,4531498694,38611 Bradley St,Monroe,RI,97451,0
32,Catherine,Isabella,Ross,Diagnose,2275525734,8632863272,432192 Division St,Monroe,WI,45754,0
33,Steven,Mary,Warren,Diagnose,1792955157,3674561385,38611 Appold Dr,Grand Haven,TN,55385,1
34,Stella,Charlie,Baker,Diagnose,2447597264,9695238185,3348 Dillon St,Kalamazoo,NM,36553,1
35,Stella,Heather,Campbell,Advisor,3872646493,6521174715,3348 Dixie Hwy,Benton Harbor,WI,48936,1
36,Maximilian,Connie,Craig,Prescribe,1734542635,8197492496,432192 Mt Vernon Rd,Saginaw,UT,79347,1
37,Sofia,Derek,Roberts,Prescribe,6542544912,4363493424,432192 Heyn Ave,Petoskey,AK,22428,1
38,Tony,Luke,Barnes,Prescribe,4325438883,2768618988,38611 Amherst St,Detroit,VA,78476,0
39,Marcus,A.,Roberts,Advisor,9133321123,8895875396,432192 N 10th St,Livonia,UT,29273,0
40,David,Charlie,Davis,Prescribe,1281867922,9297944453,432192 Erie St,Ludington,TX,52388,1
41,Darcy,Alisa,Evans,Advisor,6978523157,7686646924,3348 Hess Ave,Ludington,MI,26252,1
42,Justin,Victor,Cameron,Advisor,9825281949,5896227984,432192 Appold Dr,Benton Harbor,IN,21949,1
43,Martin,Deanna,Williams,Diagnose,5112321931,8916927722,38611 Cary St,East Lansing,VA,83738,1
44,Honey,Lucas,Alexander,Diagnose,7632869277,1948432595,3348 Munson Ct,Benton Harbor,AZ,81365,0
45,Reid,Roland,Watson,Advisor,9213483329,3998443662,38611 Casimir St,Livonia,PA,82554,1
46,Jasmine,Stella,Chapman,Prescribe,7828279887,2883763892,432192 Dixie Hwy,Ludington,DE,97259,0
47,Jenna,Mike,Wilson,Diagnose,4472722841,6338346239,38611 Braley St,Dearborn,UT,18398,0
48,Dainton,Dominik,Thompson,Advisor,1453629748,6575186263,3348 N 10th St,Grosse Pointe,AR,84337,0
49,Adrianna,Ned,Wright,Diagnose,2449842849,8754819685,3348 Braley St,Escanaba,NY,95943,0
50,Kimberly,Alberta,Thomas,Diagnose,6244853473,3396852348,38611 Ames St,Grand Haven,CO,15981,0
51,Evelyn,,Montgomery,Prescribe,8661917137,5135626112,432192 Dixie Hwy,Eastpointe,HI,38669,0
52,Jacob,Tony,Richardson,Diagnose,9245418185,1876325958,38611 Appold Dr,Bay City,MO,98321,1
53,Dexter,Haris,Rogers,Advisor,7936192525,5698531976,38611 Lincoln Ave,Iron Mountain,OR,82313,1
54,Brooke,Kevin,Ellis,Advisor,7851476388,3969339592,432192 Munson Ct,Houghton,CA,19669,1
55,Amber,Kelvin,Mitchell,Advisor,1561538823,8445374574,38611 Moton Dr,Houghton,MI,29599,1
56,Nicholas,Cadie,Davis,Diagnose,2212274715,2374997846,432192 Hill St,Ann Arbor,TX,49697,1
57,Jessica,Kimberly,Brooks,Diagnose,1155767353,1976927347,432192 Dixie Hwy,Charlevoix,ME,46763,0
58,Honey,Carlos,Jones,Prescribe,8731497613,6635674222,38611 Dixie Hwy,Saint Joseph,NJ,82967,0
59,Harold,G.,Sullivan,Diagnose,5383722212,5628883277,38611 Erie St,Saint Joseph,ME,68482,0
60,Alisa,Amanda,Cunningham,Advisor,6229985248,7237276858,432192 Erie St,Iron Mountain,NM,51283,0
61,Antony,Vincent,Mason,Prescribe,6948783864,9848525155,3348 Division St,Lansing,OR,79413,0
62,Steven,Paul,Elliott,Prescribe,6682814541,3987541122,432192 Casimir St,Cheboygan,RI,32357,0
63,Carl,Rubie,Howard,Prescribe,8823486187,1221148599,38611 Hess Ave,Cheboygan,IN,78653,0
64,Elian,Rebecca,Dixon,Advisor,9332143821,2447746575,432192 High St,Menominee,VT,89112,0
65,Sarah,Dexter,Nelson,Prescribe,4651388153,6884211982,38611 Moton Dr,Bay City,UT,21155,0
66,Garry,Savana,Warren,Prescribe,7281548959,1273145495,38611 Ames St,Mount Pleasant,MD,85276,0
67,Ada,,Carter,Advisor,4144392435,9753349924,3348 Bloomfield Blvd,Mount Clemens,ID,71415,0
68,Elian,Sofia,West,Advisor,7382378532,6682751629,3348 Braley St,Highland Park,MS,43592,0
69,Walter,Marcus,Warren,Advisor,6623424437,4419646657,432192 Bliss St,Manistee,NV,25552,1
70,Lilianna,Honey,Carroll,Diagnose,3173145734,6798516962,3348 Myrtle St,Lansing,SD,93763,1
71,Blake,Connie,Wells,Diagnose,1824926931,3633192295,3348 Blake St,Bloomfield Hills,ID,45898,1
72,Annabella,Brad,Kelley,Advisor,5927795975,5734166739,432192 N 10th St,Mackinaw City,NE,63911,1
73,Kirsten,Dominik,Carroll,Diagnose,7466796166,2664977351,38611 Lexington Dr,Royal Oak,WY,66162,1
74,Vanessa,Maya,Cole,Prescribe,6817762661,1885312324,432192 High St,Ironwood,AL,17142,0
75,Max,J,Casey,Diagnose,6891776676,2569629479,38611 Limerick St,Iron Mountain,ME,26278,0
76,Lily,Lyndon,Miller,Advisor,6262477743,1693817716,38611 Blackmore St,Pontiac,MS,76735,0
77,Marcus,Alfred,Carter,Prescribe,1731242415,9233483183,432192 Hill St,Interlochen,OH,22869,0
78,Marcus,David,Dixon,Advisor,4135256435,6178279625,3348 Borland Ct,Pontiac,KY,18264,1
79,Agata,Agata,Craig,Diagnose,3792244437,4719413361,3348 Myrtle St,Hancock,NC,88898,1
80,Adison,Sophia,Cameron,Advisor,8213152685,4872633717,38611 Lincoln Ave,Charlevoix,ME,36972,0
81,Sarah,Owen,Hawkins,Advisor,3339486218,3759599976,432192 Myrtle St,Mackinaw City,AR,31351,0
82,Olivia,,Dixon,Advisor,7287719897,5612241267,38611 Lexington Dr,Mount Pleasant,IA,82691,0
83,Edwin,Aiden,Higgins,Prescribe,8194846325,8343334686,3348 Braley St,Royal Oak,MA,63485,0
84,Kelsey,Aida,Bennett,Prescribe,9551158491,5214776689,3348 Braley St,Saginaw,TX,17888,1
85,Anna,Fenton,Anderson,Advisor,1134518837,6984622813,3348 N 10th St,Trenton,ME,57968,1
86,Eleanor,Miller,Wilson,Prescribe,2188939817,8313379479,38611 Ames St,Highland Park,CA,65935,1
87,Sydney,Savana,Ferguson,Advisor,5627672232,4745156444,38611 Blackmore St,Escanaba,CT,51768,1
88,Carl,Miley,Wilson,Advisor,7213176965,5249258584,38611 Munson Ct,Bay City,WA,55418,1
89,Arianna,Jasmine,Rogers,Prescribe,8238743752,5276485279,3348 Borland Ave,Hancock,AL,69716,0
90,Lyndon,Caroline,Cooper,Diagnose,8649151787,8187658139,432192 Morgan St,Midland,NH,64113,0
91,Ellia,,Crawford,Diagnose,7927983818,5116642197,38611 Heyn Ave,Cadillac,OR,64939,1
92,Haris,Lilianna,Richardson,Advisor,2857987966,1987892872,432192 Bradley St,Saginaw,ME,64126,1
93,Rafael,Carina,Miller,Advisor,1276257634,2212513842,432192 Essling St,Grand Haven,WY,53767,1
94,Myra,S,Lloyd,Prescribe,1593983345,6936178268,3348 High St,Alma,NH,78589,0
95,Briony,Martin,Hall,Prescribe,3659719135,4521329794,3348 Bradley St,Midland,CT,49463,0
96,Mary,Lucia,Williams,Prescribe,7939385437,8797113155,3348 Munson Ct,Grayling,FL,52275,0
97,Violet,Sophia,Payne,Prescribe,7489592324,3669164625,3348 Erie St,Midland,CO,23775,0
98,Ellia,Heather,Harper,Diagnose,1495449675,9715353812,3348 Myrtle St,Marquette,ID,82623,1
99,Byron,Marcus,Wright,Advisor,1176617151,2151929691,3348 Cary St,Battle Creek,MT,96299,0
100,Edith,Dominik,Johnson,Diagnose,8935652835,3127278967,3348 Braley St,Petoskey,MO,56176,0
